AAPL;FB
-0.00572050186790829;-0.016087975426790635
0.016543695179980222;0.021338183403496025
0.0;-0.0008315190527072858
0.005454274839577611;0.002990288898014448
0.0012943203935007475;-0.005822649466097118
0.005760612211225258;-0.005269594237527819
0.0026542621976410885;-0.001258771865353836
0.0009403160512002628;-0.0004199002534281959
-0.0065996018584510985;-0.01387265838444307
0.0019758322174916465;-0.0011079805439688784
0.006330551080187874;0.006290444892479208
-0.00427301818587722;-0.009279460157474162
-0.00025681266192156826;-0.004887047948555434
-0.00782646144499699;-0.011236033626875752
0.0028452688408640014;0.015609799342354513
-0.0011198803298655413;0.015538430288796867
0.005072536678851325;0.016544459273425183
0.011086353169980079;0.02245264322798146
0.009118057091162424;0.012001254208913181
0.0010079741782642593;-0.004413271369762661
0.0053588376248860925;0.013895750662945794
-0.004184184424608883;0.004194588165994162
-0.001762633812904646;0.013492466980419948
0.008032329663926863;-0.003668819485370456
-8.348831475801788e-05;0.00039090990907375556
-0.001751753925469668;-0.002896585697844678
0.0018352422402276858;-0.004006463808360117
0.0006663057194646882;0.014767559909595995
-0.0009164537711936482;0.003406913571776471
0.01579527082804022;0.016178238114073373
0.0004922632854249542;0.009838897796708324
8.175446957237043e-05;-0.0045290394662274025
-0.0026273272832932903;-0.009119967460637923
-0.0023047712193857706;-0.005051586675132391
0.05919360062709256;0.022083905408220694
-0.0017102213893291918;-0.018101751222846296
0.004270176029667283;0.0010694324897579932
0.009330143886611353;0.008211739108604732
0.0094723603788065;-0.0016673078950866227
0.0038701529802560586;0.017742163412970413
0.007199873126847667;-0.00044717567572760686
-0.0022682610426656424;0.00037269818503649077
0.008816702637004958;-0.001043836858733549
0.012895749468714968;-0.0014930718817565136
0.003622391886322518;-0.0030678586596826207
-0.001181321248155065;0.002993072410376385
0.0027299879098188207;-0.00231886676263926
0.007194662250762374;0.0014219081266144684
0.0029947005927679626;0.017788743080624947
-0.0042391445151839235;-0.005598913394311289
0.0009516964582325649;0.0005908554836082658
0.0019737654271967386;0.007136327500749218
0.0004381645383810806;-0.006398333177616067
0.020233385784858005;0.013775166104663228
-0.0059550703952266915;-0.004814391673769514
0.005883480342010472;0.002993494536870145
-0.003152730293364492;0.0018208971368993687
0.0012908602681780401;-0.0008735812775588769
-0.0037339398734426155;0.003054312333124365
-0.0023048478833440633;0.003768697458192527
0.0033114492556345354;0.003970606201286309
0.00043109060383894615;0.005819283056268887
-0.0015094566687907651;-0.002007735980736669
0.010520383419047263;0.0028669306064204036
0.0016361703540006545;0.0019306020510088118
-0.004987816277671531;-0.001072145007049663
0.010446539154433943;0.0007148910444714218
-0.011518469440872536;-0.010271291235808278
0.011235345912049777;0.0077670427618761195
-0.003542101674999909;-0.0004299051344744953
-0.0019887496514168213;0.005788400574153307
0.0017051137349306522;-0.00014244290917719837
0.020515039133090607;0.01020986728661022
0.002222762430341252;0.006258586765834906
-0.0013192708673170905;-0.00168378792626811
-0.001877569096382814;-0.0025311171627055984
0.0002783726072372872;0.0016178087167864064
0.007418575183905318;-0.0038731294669283045
-0.005194267547896647;0.0008463952490735949
-0.0025026802432459583;-0.004805379357273765
-0.0022301127656110253;-0.002766445416555463
-0.0011866500795427726;0.0018451109780510677
-0.010814580089174353;-0.007972672863131969
0.0011995451094604093;-0.0024328909165838297
-0.005303350880797808;-0.001362171344259977
0.005514819082083733;0.014458417865395923
-0.004452079373852058;-0.003257963410998599
-0.0036895464454449467;0.009250480876268341
0.012433357274598933;0.010696775815455695
-0.0011941522434573137;-0.0008349129312055226
0.009583422674583897;0.012381334598834393
0.006177016747968445;0.00698731606342573
-0.005898493020783047;0.0004776800275152482
0.0007652879262454171;0.007748284607712819
-0.000974145358326961;0.017117404539850334
0.020191675646016538;0.014601737181719088
0.006324349029301679;0.0020966595262370546
-0.0030550968707085957;-0.006435085057937329
-0.003610557002581505;-0.006277878999440212
0.01644747865212759;-0.0040519540433496815
0.02682568414005715;0.005443040700924939
0.00638447062134917;-0.0038469361229136467
-0.004752116107917814;-0.001263440327302412
0.008611125376710493;-0.0016648358067508084
0.01386919147383292;0.0019310093534734563
-0.0025658093285887418;-0.0009317143470362055
-0.0014782364239191992;-0.0027336328016938083
-0.03415257919890413;-0.03346877631908729
0.015126366669155011;0.019213592079816877
0.00340338335321011;0.0027052220936720772
0.006057741482714096;0.001215038507337951
-0.0012347026179537757;-0.0011474346477911013
-0.0029955809902491026;0.013216696081308044
0.003450533348786422;0.012715492034725884
-0.0016910767081426137;0.0011180780701227633
0.00039024488727790185;0.0016419825171682945
-0.005939171189978332;-0.00605582507518676
0.0027456769501705836;0.00046200907888582776
0.014710329560217783;0.013633309642218983
-0.009826209007799847;0.00013021919106570579
0.0033727020588054657;-0.005351842285082675
0.005938830753870583;0.0020265921754258898
-0.002448854441916115;0.010330544311594636
-0.039548612976376685;-0.03358733378816492
-0.024185937976403338;-0.00778425369978919
0.00801358889040138;0.014977481576581297
-0.009802907328761101;-0.002857760800752729
-0.006011575510856737;-0.002999481959983008
-0.01409847334478842;0.005591788841839751
0.028206146377593555;0.014694974774822178
-0.0091301234684944;-0.004063948481989321
0.005913055959346991;0.01084413319569233
-0.0016462533871131058;-0.003319190640780789
0.004453195551791911;0.010827825962832272
-0.003149600929997387;-0.009589984523623585
-0.014436663227719748;-0.01979217400213784
0.014505226419916362;0.017510839097261588
-0.014852876069084697;-0.014460697732982197
0.0023633788686256985;-0.0003973085329809223
-0.003617173861215406;-0.017033932121213624
0.004103013335308603;0.012785954098399444
-0.009483147830431804;-0.010161800206073934
0.010107897900547336;0.01745195183794568
0.006084519777158626;0.013511044004906658
0.0032348921869744807;0.011464997482159234
0.0014420370747525446;0.02310947062221036
0.013832867222150824;0.0022630172058768494
0.008557823193689806;0.004448252946831488
0.003483059676695266;-0.0015014422304826525
0.0034707558586464238;0.01940607673284589
0.006243859953381392;0.007828778696391758
-0.0045130423613546355;0.0023731984961399277
-0.00046563713293190645;-0.0006080137961710363
0.012038660604613671;0.009502885173490405
0.004264766226166117;-0.004346790370882481
0.004702718523286187;0.0019946323012138834
-0.01907827363963044;0.028747712668975467
-0.007065316656488019;0.011723978730520557
-0.005163974636079427;-0.018730409893986888
0.00883603982956327;0.003597660152741433
0.04616885192128928;-0.003302264780296049
-0.010041613090248092;-0.00420259705910464
0.005257195597970554;0.006090902041055557
0.015355765543525912;0.013817553993192178
0.007965069663732116;-0.004370509090684038
0.006103195728058175;-0.0002920653824762809
-0.03237023791053639;-0.02232947007210484
0.013811216716560715;0.004053945835984507
0.014937295080932333;0.0157604310202073
0.010887990973265538;0.001463058051760946
-0.004030194243656471;-0.005865119452398204
-0.0193851991929348;-0.018343670119313593
-0.002282809612611736;0.002991148371838115
-0.0018431658168203136;0.002207674839744378
0.01621545891158993;0.011024950865936134
0.001250931714555481;-0.00549723659527146
-0.004448104499854111;-0.005766110108844202
0.0036976932027239506;-0.008501506717685459
0.010020926687638099;0.0055162517476921025
0.008878566225601237;0.004831632996577184
0.0026972030825374027;0.011066154946657747
0.003971390934172092;0.011992322816864132
0.00030465914456367926;0.0002907238658771405
-0.012081121161213293;-0.0075859792565680095
-0.0010495728123234294;0.007992779792854954
-0.004022660156623115;0.0064871954469962745
-0.016443473057124347;-0.013133671710064299
0.017930817290296552;0.014864104720963667
-0.003970680176513586;-0.0031748102461630623
-0.007550807807779059;0.0005201950081206164
-0.008618324776258568;-0.012150937434015852
0.01005806740667925;0.003969606284867311
-0.007596865189137603;-0.009542030028518056
0.0003781404594711546;0.014655970005852836
-0.016900104573867036;-0.002030846391434693
-0.017320897740584318;-0.006175722042334186
-0.009827123707983443;-0.003336794165273105
-0.008861411020940402;-0.04601752733996456
0.01705735512933293;0.008193830783952194
0.007092427073459806;0.020911220063330127
-0.006178622001688616;0.006242421436021495
0.005464948170381234;0.012603225995039935
-0.0020132217572639277;-0.008227077675654115
0.004346556425955939;0.002887227540897541
-0.006494234247897079;-0.009102306019350692
0.01236785214166014;0.016605264625598082
-0.0005796669612907479;0.0057646546854490666
0.0034713283641831794;0.0015664684304770304
0.0003845952003205255;-0.005289347516092668
0.00416098342684279;0.006679716697002291
-0.0035198067528035004;-0.0011005384220892367
0.006326330810002112;0.006872893218691445
0.018241436751846862;0.0044794122876927744
0.0036837108035374655;0.00906943053611542
-0.004434391302628349;-0.00045437514948520885
-0.02394518686253111;-0.008385920024546856
0.0017296038490339782;0.002403149162562457
-0.0005122925201814787;-0.021430373671224245
0.005937444865601993;0.003089743723546867
-0.004401558701144115;-0.007009356479247941
0.006373169939194678;0.00017582732121113054
0.03520312628258537;0.04161169493698047
0.022258655265543492;0.011125147501005905
0.01381977036696691;0.0010557745279449193
-0.012800559137410517;0.01433640619082599
0.007283756924288731;-0.020687752981590535
0.025778529617109136;0.0
0.010093829416042421;0.006962071133963299
0.003208621649005039;0.00044393670037745636
0.008147112622933772;-0.003835375847931033
-0.0020447654544546445;-0.0014490026856401883
-0.003315017798549924;-0.004695873538350881
-0.004015801704258415;0.0017355632330655624
-0.015232985626245643;-0.0039233147818587
-0.013277869203811132;-0.0006741777376655378
0.01187617866233559;0.00917385983246799
-0.00556779400774321;-0.003290648798390805
-0.0009994702345603734;-0.0014535391548022858
0.01841951822027932;0.017304896967975658
0.010457015273450665;-0.005458649480758915
5.717266405991239e-05;0.010504722992348725
-0.005042282674597054;0.0013668299969369357
-0.005875953306256676;-0.003338356448018942
-0.02096142865790318;-0.040783127548789544
0.013887056108432994;0.011637540480510467
-0.004665917052609103;-0.011808849497037421
-0.007334748670187796;-0.020948942839312146
-0.00094275038429803;0.007900131697136104
-0.0037207256595248595;0.018516369158917634
0.0018325543592667692;0.022909490801528598
0.00029516179352873095;-0.006348517126634867
0.01929691439747172;0.00022340122360109405
-0.00563354052905618;-0.011685450790359653
0.003314105063424222;0.007543785710957707
-0.00029028490546334496;0.0005046193567768142
0.010110074370006661;0.009984149232107775
0.013984680424142582;0.0035457912409597725
-0.010713473010493413;-0.007271215732700398
-0.0010891529220997676;-0.009065507775980919
0.0037782780699022744;-0.002476516411458185
0.0;-0.001409840945788332
-0.025697483917677566;-0.006851814493818331
0.00017610900435283128;0.009219202885087263
0.0028093377931641683;0.0016875914306284656
-0.01087210451816345;-0.00823974092928026
0.017746043465144634;0.027720515252406486
-0.00017441177404275976;0.01775566344860735
0.004634485796755516;-0.0018427991008511668
0.011320864553060694;0.013578549155164765
-0.003721118472496343;0.007624021452680374
-0.00011475524612869492;-0.0021800017606672384
-0.00022964154374127688;-0.00015969114499458925
0.005664386191109649;-0.0003726847854208515
0.010273154010346008;-0.04576714801950388
-0.005094861044121046;-0.0054785229971781035
0.016381227597163317;-0.004438296417019316
0.0008930658089405519;0.012311274085877066
-0.0044727897505767444;0.008252782997134389
-0.008214881086752612;0.022255879392375277
0.00022576546416974708;0.021243385181746177
-0.016056540276855102;-0.014897870555750536
-0.01801249158100937;0.004972834239522328
0.00233504846668664;0.01335192189486989
-0.020915675831970848;-0.021384954083125685
-0.0059116956755680405;0.006110978104010734
0.0027513189737797816;-0.0012298909649928191
0.002088058621164013;0.032636177272252986
-0.04435962955016226;-0.01465971733984972
-0.025301814514111065;-0.04856423082758621
0.04094210431637091;0.022097650880008146
-0.021639592842820132;-0.028073774627364934
-0.02790223149676896;-0.04890666975729374
0.012157338034783916;0.026059162456189888
0.03948860658617859;0.0017020487946597385
0.009968006100191218;-0.01865261646883809
0.01826945251234635;0.036128410535133604
0.03302686329500393;0.0024479951468334704
-0.00324235636986403;-0.0145530725311529
-0.0033693966834666966;-0.007640788352879291
-0.004549395418658619;0.010737044634248072
0.008324443271548798;0.0060521440174508
0.017241700151484185;0.023739592305814128
0.01957934780963022;0.008907774137422386
-0.003245982035865236;-0.01894205475078703
-0.001514723739378443;-0.01745555058957038
-0.017671375769813924;-0.013436688450183532
0.006890415829726049;0.0038574626939062995
0.0034559266906253328;0.021176069400495656
-0.0008488322279811555;-0.003442699440017627
-0.00932628361806831;0.021624589511583636
0.010853429756754629;-0.007485407794058041
0.017034898392578768;0.01572521699612839
0.009621343702692187;-0.002540617237868581
-0.009676964016198664;-0.01571050002790475
-0.008537479977734908;0.012620690982686256
0.0011758686578469124;-0.0017932450305746528
-0.003532297656002381;0.006667571727802191
-0.01539735452382418;-0.0700971855503223
-0.0003422270857407206;-0.0258885860445055
-0.022915246103471176;0.007347343106821391
-0.01423054299908566;-0.02692516378374954
-0.02342893619106734;-0.033924555909643495
0.0463795334699193;0.004194704384166137
-0.025975689700914018;-0.05022187882725149
-0.011110482447793668;0.005307121767477163
0.007778508431828257;0.04322643850842223
-0.006577891544320202;-0.027922329263705414
0.010206955496727677;0.004622809007554629
0.018941836503332254;-0.006490781343704732
0.006910291776323962;0.02697015143460746
-0.025911576952680093;-0.01352140038734273
0.009869171122108611;0.004632989923712749
0.018643193979212214;0.04403597757715172
-0.0046862261075748535;0.007725859503913135
0.009810206536226218;-0.014840286825400284
0.0033822712440736424;0.0039587685702064945
0.006218766362927397;0.0018824815205391587
0.013670332319170253;0.022970225007453493
-0.0022468514188394018;-0.013730757315894238
-0.028749287084623987;0.010404958179836221
-0.041835274916174114;-0.010885969680220597
-0.0029007517448089715;-0.0026496609978465813
-0.014016986236129014;-0.03778899490415366
0.0043480510257616345;0.0
0.0034770712748608545;0.08673998681237638
-0.011637369640227657;-0.0032782621694202874
0.017950386559986153;-0.009201698970689343
0.02297036505457095;0.010755904348057399
0.043227099576394146;0.012631303675176397
0.0018104629572324171;-0.011711425147256982
0.038483381507743;0.01477365547477838
0.007209150055561775;0.007671088456724817
0.004794924060125716;0.005323764709785017
0.0070164988441683285;0.020687752981590535
0.01420260421169628;0.015590066146931925
-0.003810518338152491;0.007838581406407918
-0.002335883750204104;-0.0018735444226809506
-0.009130002240154145;-0.012508207199012134
0.009289323876890965;-0.0060949816619917385
-0.006343481798157136;0.003052092905735826
-0.0036433477874631137;-0.005894580264063087
0.007060064342728545;0.009859343020898415
-0.0025080978954994393;-0.003747064719259896
0.006391268660282723;0.01672545527965763
-0.001115727158628399;-0.00520346240530678
0.00228300673265025;-0.005446930181475906
-0.0036125736332119907;0.00442458670419299
-0.0021310414657942367;0.010337215624059759
-0.00336572605109442;0.02166378381401035
0.017873318641759006;0.011457764299340312
0.008323118018080944;-0.0036667312290266096
0.00768567287852262;-0.001760636034611629
0.003459917059570383;-0.008327341285371048
-0.0026842387615761965;-0.01665301845346967
-0.009139334427726187;0.004877095283792876
-0.0024547004256953997;0.012820621100368967
0.005475917013487486;0.004479877467115756
-0.008251264797288549;5.202445721685933e-05
0.0005243452867804699;0.02261025296468855
-0.0103257429196848;-0.004889692654381328
-0.000529705170010164;0.01248235931060293
-0.016291777457031476;-0.0041434726238867015
0.004352601574919568;0.022579719438413193
-0.005592081677434635;-0.002478316014467019
-0.0029157412710496544;0.0011903854688792848
-0.014983265198975637;-0.02708095474672234
0.012329718879828366;0.013406012615597263
-0.0014647780251380027;-0.016006844100027173
0.007249711791572633;0.001989438244045516
-0.0021046861533706718;-0.009781096483060914
0.011120595292509527;0.01552315292823181
-0.01756962163289355;-0.023739251770837022
0.008014552521271145;0.029246940308261138
0.01376683489909869;0.023801157728323474
0.01378961127725642;0.007402586742145445
-0.001207408192139603;-0.005878395543282622
-0.01306111521078046;-0.004925148022505432
0.016626941889331448;0.021394871530432624
0.0015692497233974478;0.0019312923633716395
-0.0021976729389452387;-0.0004342617171948504
0.0028245516831693074;0.013230669762799963
-0.0054993908224330035;-0.0030046755579844486
0.007742759737031424;-0.006084600311203836
-0.002295621363055389;0.008851126410710286
0.00088783790704694;0.004609732324180271
0.007227923830923189;0.017670437175473452
0.009386101932376878;0.013096893792367226
-0.0031361186330296498;-0.2102387040223448
-0.016771485137427877;-0.007802945135210848
-0.005618139619149254;-0.022142843490769337
0.0019987259940306146;0.008846549809637061
0.0572402917084216;-0.005403423344263025
0.02881154870556335;0.027126549051433635
0.002888934567063295;0.007962790549938425
0.005179097729581361;0.0435318058130969
-0.009418915502077851;-0.010176027636811469
0.0006755933405240278;0.007425683344566281
0.007834337263697755;-0.011350470245187871
-0.0029833099641352057;-0.01557759256812119
0.006436101412563566;-0.0011656156103168058
0.004204395123896809;0.005869977802118953
0.002333627813886352;-0.00876226676320524
0.014543504440548194;-0.027272118411850954
0.019773246448395287;-0.005164969281135967
-0.009791301104050465;-0.007507993918897782
-0.0019512305688293985;0.0006953820336148553
4.6648834986839915e-05;0.0058915684113234335
0.0020436633750633426;-0.004270829527951214
0.003104386472648102;0.010070578917312112
0.008200893661302278;0.015961332934606887
0.008043227904653172;-0.0067851227339268405
0.014819182209860227;-0.002044529461663558
0.00915162419252269;0.009843409943280257
0.011487769463895958;-0.010810325093900452
0.0032018446142663137;-0.026349888949669165
-0.006546130746267309;-0.02352778048380877
-0.01675715523276855;-0.028208439856180156
-0.008100827386141596;0.0031329356906981687
-0.01351149658124573;0.006967814014061879
0.02496849591735062;0.010662949639510977
-0.012496787233490902;-0.024029956716339562
0.02386803873046306;-0.003958437803881942
-0.011415995971327586;0.005931843211153698
-0.026987134429726556;-0.01077746848036032
0.001651075762154175;-0.0017451935059975554
0.0005954280966751213;0.01707113760902601
0.00757299807856926;0.01799007249918194
-0.010829675279929507;-0.018787672999804883
0.014277745424758681;0.01510664663201755
0.006320953818645503;-0.0030273696463245514
-0.007998026193899666;0.01229445536279794
0.020343305866137307;0.011257151114285158
0.0035056882626163244;-0.0262840788580192
0.006710739604453231;-0.012358702518772802
0.008849414094467711;-0.019331183253052053
0.012095082758386333;0.019269560045131584
-0.017737239673084382;-0.022286695501100517
-0.016362069160590575;-0.009614877248026232
-0.002321201983664256;-0.0005086263100873012
0.013758642711191982;0.0041249870267350275
-0.04743359345004272;-0.042168618470929786
-0.008866977636137197;0.012929666225114822
0.03509618682916793;0.002539969289735211
-0.021617905923543734;-0.001432020121765909
0.021797910612672666;0.03368870907951216
-0.004330720822673495;0.004022628905097747
-0.023651046645642104;-0.02863337468685412
0.015115194148667577;-0.005631597974341318
0.006091371485990482;0.004727501102760989
0.00938259125037133;-0.002522881255090148
-0.034903704065387675;-0.05560135388588616
0.021661397783122815;0.033068125121197944
-0.01605165257749519;-0.037666453086463214
-0.0189485048001794;-0.022821548972557615
0.004981868291456859;0.028651711336754815
0.025732551443522045;0.037385597193908104
0.015235708981982121;-0.000263512467871152
-0.06863293579946195;-0.009268479909688487
-0.028799097151684272;-0.011169653862496354
0.010756111020903791;0.008438934190047931
0.02987735702375005;0.010548386734749116
-0.0034950833268005965;-0.02445014072780527
-0.019469896556499222;-0.019875587754436985
-0.05168728673400613;-0.02380485549249478
-0.010041453440376547;0.004300176489389962
-0.02865402069572509;0.014386710345914544
0.02437926432433324;-0.002568787525508043
0.011014713640758345;-0.030491509271842077
-0.040438665033477594;-0.05889259247067269
-0.0489570255101639;0.006667117947765533
-0.0011308725193512892;0.01788646111866843
-0.025726856893100614;-0.023186268942932742
0.013433025233782203;0.03469080208723607
-0.002178441508005502;-0.01017036445707209
0.03773201530469228;0.01295274616621711
-0.007711849454520969;0.013941543398367173
-0.005416930722071278;0.01382103694045167
0.034345417727292826;0.003407853725761356
-0.044985449664522115;-0.02265170168278363
-0.01121208134422691;0.01224984493731096
-0.03630847443283214;-0.015954185645338015
0.006566586029900456;0.031728288004400085
-0.005736013801658224;0.0016200878485346237
0.00278340127597021;0.016889215421135972
0.010880804257578092;0.0035231601260390377
-0.03252076160703643;-0.006572805164458018
-0.009349821471134945;-0.027231199718642074
0.012908836635057153;0.024450759342732553
-0.03168837913100875;-0.07529736758509031
-0.025558511785746862;0.001200033174963977
-0.039672227480718636;-0.06543845487090305
-0.026214659043324318;-0.007148332991395279
0.06805238288731141;0.07841682768398073
-0.006510809512367377;0.002530791083139583
0.0005121293193655063;-0.009861183437660515
0.009618776858941303;-0.015967652921316855
0.0011406911231026662;0.03441503578814942
-0.10492456052832688;-0.02946879315247042
0.041803439954489985;0.04606095363153706
-0.002228630889191674;0.0007246819412483063
0.01888377082443249;0.031936534820063756
0.01683924044797802;0.011856722670459341
0.003191121009431086;-0.00020801428538508304
-0.009866509203217522;-0.0027777371782953253
-0.015151325992268205;0.010996316236120407
0.020260032777755566;0.024190875925515165
0.012142508632308147;-0.009511378720067576
0.005920304806219079;0.005137989771406559
0.006140579582312178;0.011664610744345438
-0.02270191966264079;-0.01659919135898047
0.0040363094999600335;-0.02240820217899575
-0.00795793250534782;0.0105470853530365
0.03259972106677278;0.021571808641405177
-0.009297505998007605;-0.010388607382482817
-0.01041878898328763;-0.02249288229006119
0.06610085481077421;0.042299477974884425
0.007175421458685438;0.10270444537607393
0.00048056942641538924;-0.0058965014439182895
0.028009173459772718;0.02113759863491893
0.01696448438221143;0.011221901152056901
0.00034456965472662304;-0.0039221367474411295
-0.01912105398555841;-0.02440231799390613
0.0011744445552395177;0.005693563246164324
-0.005767541430931278;-0.009246034694098348
0.008580410313389297;-0.004534058672406971
-0.004163691115178114;-0.005894617415146186
0.0036366629066959533;-0.0007317259909038754
-0.002227338313269822;-0.008883482906910878
0.0029882476361215993;-0.0012931848115700362
0.006414664049191998;0.00166233241340219
-0.005654424763288812;-0.015623407333772654
0.011103795162918928;0.01149334644540101
0.00725808772685177;0.01672266940013145
0.0005738456408566073;-0.0029809313898754297
0.003092641484787162;-0.008074964745516944
-0.00988464217035423;-0.008388383445892877
0.01045629881668475;0.0051277525139443725
0.005016964200344365;0.030883670535741814
-0.0018213910906159647;0.022975936171262923
-0.005770560589538842;0.007272336440021121
-0.011642081173154573;-0.019787495106944775
0.0023737714329246096;0.0027750804893882375
0.03405572948831859;0.014458653984896763
0.011172733892305331;-0.0008721716467743335
0.004412513914605398;0.008398769150046448
0.011055164978513332;-0.01863008421048562
0.012924506398340974;-0.024930653193711905
0.010156455382418716;-0.033760256611166106
-0.007956202315001715;0.006831513801971667
0.008700766378785474;0.02367007545682398
0.036168199324233985;0.0038610049255467516
-0.02092576316769401;-0.010532180783355827
-0.012164890450186316;0.01179578150606897
-0.010385351996274661;0.008324145727563348
0.008953896786166204;-0.010853037872572635
0.0013256391672196166;-0.0019310371530538717
0.0064963382699416705;0.006862532174073621
0.006768311913994296;0.011986156860688268
0.014432179262192868;0.03208207543762853
0.006831521740603197;-0.003795965222079367
0.001738883559364357;0.014189567540632275
0.006672051230704579;-0.0017058231638094057
0.015613546798163291;-0.004505974021697057
-0.0030031433430606214;0.015035369882587801
0.00559849339620877;0.0013506219666057362
-0.008359149713971448;-0.0017449294708882235
-0.0004021527461151031;0.008917428734427801
0.0018084544016017112;0.0030661364395658808
0.00010054841312445717;-0.004351221877999301
0.019285798241146956;-0.0005032648753022784
0.003587436757075846;-0.002800651600501247
0.0032810422772340253;0.017569692763866662
0.014320248161674431;0.01281434943543136
-0.0015434329890071652;-0.006550940264825833
-0.009116600810577413;0.056847960981747825
-0.004785333840477968;-0.009200787524959786
0.0015161455611223396;0.01703509364346356
-0.019444016916970952;-0.007110158805799571
0.04791903006151843;-0.0019149405442870915
-0.006529081591110764;-0.0025936315149630573
0.012354585550199637;0.015154941808977362
-0.015563110463793883;-0.008167485048004686
-0.027327047471542354;-0.02142660108211203
0.00019718024598658346;-0.0012127864596305216
-0.010802397591638258;-0.0047066345634760864
-0.013950304182698492;-0.0016445934188942246
-0.0598767842238499;-0.03677284252214985
0.015706459142055706;-0.004471796908100956
0.01190779980753831;0.030193075774309186
-0.004409340172180531;0.0038579118838129034
-0.005698023926857587;-0.009079019105053376
-0.03176916979229816;-0.014021216612218446
0.0189894831981805;0.01142748494044632
-0.020684131477238132;0.0027016819816330084
-0.01721705816756991;-0.024305585897286264
-0.0038479426849713505;0.0010499403901622628
-0.0041433045414089875;0.017790654754004542
-0.004780630996078283;-0.011568997339411524
0.005173236187541619;0.00449065416361627
-0.018281676031394856;-0.030739178716704174
-0.010161660542481687;-0.0780209806597858
0.035930806868517795;0.02020274450006987
0.016014445301919533;0.0039920103814203856
0.014574758995779646;0.0009509876622173508
0.02626908345096801;0.029386358031477933
0.012698362706402566;0.008444207707875684
0.011512935819696146;0.018588309517664214
-0.0031875301959494173;-0.017330743688349415
-0.0002059575703370342;0.013787106547409778
-0.007288918071652883;0.02151699833901155
0.005948797067359735;0.04148130888619406
0.023246160009018357;-0.00286104514459673
-0.0029269241985754313;-0.005266699239829364
0.008003446181001905;0.010875166631906907
-0.003414947186370032;0.008458823747292676
-0.0010068043713169494;0.007609390409321293
-0.015273533290052654;-0.019715454768708618
0.021398395174663243;-0.006268241908927941
-0.0003003152317901936;0.00975719014598031
-0.009153502390455426;0.0183011643824047
0.018174548815323543;0.0
0.005837482441940267;0.0103093696588612
0.008252825919454754;0.01121886812934303
-0.0008810351396753013;-0.004065061849688689
-0.020829489629254017;-0.003263973769692896
0.0060809782141166835;0.017470187322444097
0.009839950593829805;0.017515445009314234
-0.007309045996538366;-0.007426512158919429
0.007653517276229316;0.017927096560848454
0.009351354075370022;-0.004696869821299465
-0.0034660027369675106;-0.0003433835679054198
-0.005639362100418044;-0.010058231375997373
0.011295619206360463;-0.005067347858616955
-0.015039924218777756;-0.012126210485654099
0.02259670629475652;0.019767073864946916
0.007787194831664568;0.0001976538770334102
-0.0008142202036309776;0.01130179111233165
-0.007938601752425889;-0.01948896993024718
0.0034719175477824216;-0.004794528975603285
0.00929509885944757;-0.019258082269918653
-0.004301508164031631;0.005598217362191349
0.020198989916776267;-0.01436371789153057
-0.021876808362147226;-0.007752778304281449
-0.021385118111059587;-0.019437371372712953
-0.05376790420551103;-0.039330806586899136
0.018753625147621467;0.01518158719892515
0.010301990362701297;0.0034626416122156556
0.021816185219318385;0.02669956791560768
-0.008274356753900314;-0.012222037798570895
-0.0025407745791321545;-0.013290003111311677
0.04147615467799337;0.01647890211905345
-0.03021706764803289;-0.04748822561576915
-0.004993852744691107;0.01589870418879702
0.023320570573612365;0.006060793516174279
0.018472444316415704;0.013356249340060522
4.762472075370283e-05;-0.012757622824969062
0.01078029474489739;-0.001415475554299661
-0.0008470038432286664;-0.008260720301979774
-0.047322674475982485;-0.023848337583816104
0.018820950001217085;0.014576788253607198
-0.01134794691832397;0.005198277656488948
0.00668798088726863;0.002533970717267131
0.01678997759729084;0.020745103514299146
-0.0012924505586773272;0.00053868573249094
-0.01467067798194499;-0.01782364632800615
0.016824107405120525;0.025709748356799622
0.019362895239944944;0.019892702173086363
-9.387473890498654e-05;-0.0180241588060861
0.004258161645046332;0.006750797803575459
0.011743658284990577;-0.013816112808457959
0.031300101383571644;0.012384759277550117
-0.0022385496703511976;-0.005426145105405844
-0.01964587210778479;-0.0014946822649246627
0.005243443277691995;-0.005195379840083447
0.003631360591880295;0.009938636951773105
0.009335550184943031;0.00031894933234699607
-0.008158152950374475;0.010574276421202455
-0.014725953021592186;-0.0011050950594562181
0.004536706474956631;-0.016509919012032803
-0.004766434019100707;-0.030102835103487102
0.015272370552222636;0.008349885168669857
-0.005170935732686566;-0.014824896976829649
-0.004877924436871517;-0.016853199485281856
0.023262576479385455;0.005518318556982038
0.002764351202453774;-0.012829045241357306
-0.025387314805333627;-0.006906174205444593
0.008458805959516535;0.02700880954771634
0.027646197173343268;0.0059472262665156705
0.0002200816472797129;-0.004276263949305914
-0.01178398532202607;-0.010799381544211784
0.01165195582877221;0.011745135394983564
0.013388204511270096;0.0010002928106436215
0.026250780721331246;0.022844349896860017
-0.0014404090119146673;-0.00495281530091507
-0.00233445569207813;0.030149800327552434
-0.004045339232966683;0.00348802624988398
0.0038753658688683856;0.004421738701430478
0.004791269792601582;-0.024134667179443348
0.017194130740817215;0.020820157277059437
-0.0022894314712811337;-0.03988703078860922
0.013329551640191006;0.020679711457771255
0.0016434959695006413;0.001234859025099233
0.012241153641864955;0.00806905540131364
0.009967245556425475;0.008004466569466295
-0.023399605392848244;-0.0004752784009687261
-0.0001234765822868411;-0.00561500344547472
0.022357866900827972;0.01789989329936237
0.027985536816919954;0.010226690094026658
0.0065456937264603;0.0056651854348430675
-0.001437933323090057;-0.0020563131227850917
0.00042769665593755946;-0.014357435306879829
0.011475202475814683;-0.005916737836898278
0.002733000520430906;0.002203212216811856
0.007887614567386514;-0.006466027193386736
-0.0009157258191940798;0.0253085815287708
0.009535903106847599;-0.006603742552072411
-0.006943462471446615;-0.0002071157293794812
0.011809283183398023;0.010045221400686088
0.005029539775212477;0.01171981716674697
-0.00303711067016188;0.00967951407938461
-0.01170985279996195;-0.009122422000547914
-0.004493499074540885;0.0021242076698717582
-0.0008781757121454348;0.004486533793881975
0.017381782282098968;0.004866851684797169
-0.007839118998866468;-0.0041127155809679294
0.013342826486026027;0.015113631674936734
-0.0022054516170202376;-0.0017837712137120931
-0.011629556730230917;-0.009667701047435528
-0.01799081950434367;-0.004416295517618352
0.00878758970871818;-0.0005534204174511004
0.014564303959729408;0.003265729455654842
0.01913197679199019;0.008441409861738691
-0.014099268758350547;0.0014413545902129954
0.005827565535866164;-0.002337094774459203
0.008493397786624612;0.006896062976964323
0.002545162563285075;-0.02762008401758731
0.013501474702234617;-0.013508875470153114
0.016973042409507144;0.019437887565329603
0.0019634931577758863;0.0023718878854683823
-0.0023924145532445706;0.02050509926843702
0.0010007886305434255;0.017427490122291722
-0.002073620614705618;0.0011640582011356315
0.016186632542503965;-0.0005818967252038121
0.0009502673464423239;-0.005154388217175843
0.019646091878632532;0.012932772073317444
-0.00037974345869074;0.0014908407283531488
0.005917688679352828;-0.01789096400191692
0.007280045934812129;0.00410094960514229
0.022559859066131338;0.0218306083819515
-0.009769652902638981;-0.0053053087440781965
0.007936840578826043;0.01865844664635219
-0.004714164742559035;0.0021613101075148577
0.015958185549389547;0.010086961719853349
0.02101834343442821;0.014209511091417326
0.002258124311262044;-0.0011000344533433903
0.02113943505715632;0.017501667688359035
-0.013595250435674444;-0.012926257019884702
-0.004294896003242954;0.009495522964670045
0.01244881941662257;0.0027996513298669257
0.011010050316441422;0.001666982946158413
-0.006799874023026398;-0.0031561275369336173
0.003563069470942537;-0.0005420323311895459
0.004804379601952569;-0.007073634332430245
-0.0028862592095286743;-0.008316210039887473
-0.029846072713642258;-0.014186635385794233
0.027896464267446852;0.013498093570125214
0.020716306701328513;0.02467134600273635
-0.0014500958242393835;-0.06333568956289604
-0.04535167466249046;-0.037044849675488045
-0.002750241679363441;0.011228873191867272
0.032480556808176075;0.027246742901491317
0.008121063171167009;0.0013335182128955125
0.01162927658826618;0.003515803133889328
-0.013686096286500415;0.006994667677568067
0.004738520729776319;0.003432127906949134
-0.006051633426944036;-0.027937546268470115
0.023470246027011754;0.017083760821678062
-0.00714664509589813;0.011229204651705516
0.00024620288754206854;0.004867524846979165
-0.018480236458967347;0.016760475734432845
0.01437884963067848;-0.0014243267932467774
-0.01031204246265549;-0.013470259975553844
-0.022894904533051985;-0.020718366151716516
-0.04866581675970316;-0.04605336345029798
-0.034458938790939087;-0.01987535245306571
0.015739123078351014;0.0021828710063669376
-0.0676026374608778;-0.03851101041735028
-0.0005852050636114825;0.014232887493596635
0.0890182515867668;0.020416749829961667
-0.032274368989138935;-0.05520195596364719
0.04534085205889138;0.03108946384444078
-0.032974666672100916;-0.03497024931887349
-0.01336905389249754;-0.022280187130560236
-0.0823952518065072;-0.06614119821015318
0.06954609699535741;0.04999748361995948
-0.035347906841471044;-0.045641172020008725
-0.10397772730834287;-0.09720932779177005
0.11315750457047447;0.09744422316246748
-0.13770807104551697;-0.1537690588995151
0.0430308035057001;0.02308604540160264
-0.024784571148303236;-0.016600633701373546
-0.00769157811175436;0.04112677912196272
-0.06559031227674605;-0.022453622098637105
-0.021473134225126422;-0.010945881129315715
0.0956060456585508;0.08339234463938983
-0.005524050829623484;-0.030078808302596904
0.051285268565596454;0.04463259668729691
-0.042283786621140074;-0.040926607958369665
0.02813833898086404;0.05677923222476444
-0.0020428445967430875;0.0051089884441948286
-0.05405193873219272;-0.04412478496226946
0.016549052800658437;-0.008873865614419607
-0.014475740756881628;-0.025676154117089567
0.08364020577220543;0.0711525789005325
-0.01164991320886788;0.019619019907344715
0.025272430672830026;0.03177089191032234
0.007190253681832459;0.00520791893851591
0.01943746166211824;-0.0022858982475471024
0.04926926373563667;0.019152925482924132
-0.0091692017171221;-0.006757906837979277
0.007914321470720687;-0.00407679188851251
-0.01366156734717272;0.016822278872540508
-0.020975205980209743;-0.005594733007081132
-0.0313981941782826;-0.042637688335934065
0.028396654282070166;0.06505066047692143
-0.003883096812502096;0.015514347677306972
0.028460787835761003;0.02633415652093607
0.0007066477793644665;-0.013613618486602697
-0.016342546873020503;-0.024784596801257663
0.032317610033477884;0.059842825188575866
0.020876653177765547;0.05275730245171317
-0.016230440607018615;-0.01199091656192941
0.014049670914880963;0.014673981768020816
0.014897446932939928;0.00877949426708291
0.010264324950342463;0.006738216127208929
0.010291677267261434;0.013294424543222938
0.023522976923744388;0.005146309108892133
0.015612836357585813;0.0039009594020260607
-0.011494065046118607;-0.014553208002539897
-0.012147710647900212;-0.024085942064416166
0.006124704527577407;0.008302790722451547
-0.00592961235692524;0.019488788909085564
0.02328781191838658;0.010894523859634297
-0.00579519511241422;0.0171604293760641
0.01926151893750294;0.058604643237027076
-0.007483442431007958;0.006155725034928672
0.006417898439474712;0.015097881678832081
-0.006796570317331607;-0.01160342153409566
0.004347497808249834;-0.01326588831917519
0.00043987005270729185;-0.016190378406903072
-0.0009744243697635824;-0.0016424834387009923
0.012222933727432661;0.029849075201984654
0.004618572158664236;0.003486638274121212
0.0054900699945390485;-0.011061284277881
-0.008649374544424937;-0.016957402290095125
0.028082954623279477;0.019604229166080067
0.00589500170973789;0.002726226352680605
0.03108974408857268;0.03093404862043858
0.025401954584772568;-0.008161603850311394
-0.04920124952466143;-0.05335641123556645
0.008596592933062475;0.01832244456235088
0.012291283914305673;0.017003958547396003
0.02615718583361648;0.013457402441561683
-0.0013927171441485697;-0.0005093387734920185
0.00039816720937402295;0.0017392570657879247
-0.005731020607163018;0.01200693071725123
0.025827324848774147;0.0017991592456461092
0.021120241644839943;0.012545357201453555
-0.017809731264425643;-0.03452239287798875
0.013188169896340973;0.007068321589724924
-0.03120756388150614;-0.08682620367902949
0.02278495782192369;0.02088369332038731
0.008313056288338672;0.028725960965805264
-0.0018932964776947614;0.04511976823521291
0.0;-0.017538742339987756
0.026398744163465437;0.02896550676188081
-0.0031077509620072163;0.0024109494647595042
0.023023153534847296;0.011229583809841515
0.004291040635406418;0.0037698707387008312
0.0017477522631734743;0.002328604993191874
-0.00462388060039487;-0.02508036197660779
0.016412839939373924;0.003049720301000036
0.006853784978287258;0.00229163266911403
-0.012381259924399757;0.0027014995670757713
-0.0020222940104215326;0.004555275903265432
0.020855009760547105;0.01390934071553307
-0.013897761006274933;-0.015066886754095954
0.00280531075980317;-0.007807044768543214
-0.046584795814528235;-0.030776823239902384
-0.002480451876723855;-0.008158726646547265
0.023423768451000804;0.012020537430541545
-0.016563949914282894;-0.014581186332408791
0.01898696391901833;0.013681395286942788
0.01202745941043215;0.005173301822847698
0.09956361052909557;0.07857861460711835
0.024885356593035368;-0.006763831093164363
0.006655931078650035;-0.008489677513702887
0.0036181445467615703;-0.002846005401139884
0.03429447703326538;0.06285117885991998
-0.02299819727092256;0.011841567039466483
0.014430133753708496;-0.020473402207066727
-0.03019103030084125;-0.026468885027530753
0.03269396678920877;0.014573373783913546
0.017542762384432642;0.005410604875880409
-0.0008916531692255703;-0.00022963815738563653
-0.0026141850680074796;-0.0003062273117357961
0.008298291556325665;0.00450809808669117
0.001253915074038936;0.0009525080387469131
0.021946939981193125;0.024154723467809447
0.05024872202264152;-0.007462442477732978
0.011889179893660007;0.016270807257326325
-0.008237557775697013;0.03415696605429108
0.01350736281047471;0.07901769622435229
-0.0120262770357904;-0.0358084323191763
-0.0016213054466502896;0.001499463332153006
0.033350027394087434;-0.001567636359068203
0.03905956967688251;0.007610767161636112
-0.02093585049584501;0.023615498662961087
-0.08344797914131608;-0.038345740939500494
0.00066162215065102;-0.029243119042741128
-0.0696663032101581;-0.04178335142054479
0.03911164793638111;0.009396624475865423
-0.03319053901974112;-0.02078295917281192
-0.013215829042443339;-0.005535869895987311
0.029558753581172326;-0.0017268247890251942
0.0015591154780114636;0.02328500562360336
-0.029957813694377222;-0.033215817571105255
-0.016092490335699594;-0.033571782442699316
-0.03223412419464822;-0.009027393590812949
0.029875101174448915;-0.017496671267760888
0.01559355218989289;0.026249294665458223
-0.04285115894510305;-0.022749440421468314
0.01021627526265334;0.002045911870852457
0.03682963697989994;0.02097829874373147
0.023588462443992597;0.007818036626058067
-0.00759651236814296;0.019167209367610738
0.014963196330349149;0.0004200399192910709
0.008426621017898484;0.017899219649980758
-0.0328127909242113;-0.02541110331325669
0.030326542648960064;0.01795733069576766
-0.029088538564953303;-0.022893703096299234
0.016824889256227493;-0.0020898979942947093
-0.000956387317075702;0.021615061637329624
0.01724632482092403;0.002612607883923701
0.06158468044074894;0.041842414461551236
-0.02688558895687887;0.0014133784015335493
0.0007429742230131708;-0.01576792706283836
-0.003968626007862852;-0.01894068589310205
-0.01409940855346914;-0.002966334866262521
-0.025873752316603493;-0.017181310872154576
0.013105596085725146;0.023292053284713177
-0.0054611305829386225;0.04089977961149316
-0.009629584766863708;-0.002190953062672918
-0.006152823143874997;0.023699438891785718
8.702640214064417e-05;-0.027337610154933856
0.01338238578230655;0.02205665169507487
-0.04741891712737889;-0.05671620943975775
0.03638045197641926;0.047994527570812906
-0.057648161793308894;-0.06517731622571254
-0.0008271618500801381;-0.006673428765752831
0.015236937147825813;0.014962503885675105
0.04002473048889943;0.07994418366033518
0.03487845547406376;0.025084598167943284
-0.001136750714443302;-0.004319036187609093
-0.020170080646391142;-0.05118393110276731
-0.003013534889315217;-0.023005356184341963
0.029901111722027807;0.01475685186704645
-0.002345894368461998;-0.005076609714410374
0.00041931122903449136;0.006775112918063542
0.008682595764267553;0.007231343180270855
-0.0075931958435146996;-0.01429727406947201
-0.011456568626398322;-0.011079327082690327
0.005154800894841216;0.0035602291709322387
-0.011018021241226528;-0.011941724347613203
-0.030193877349760534;-0.004720130368829345
0.01152757394925441;0.031138559261031595
0.007439396338413395;-0.004814463576694905
0.004814689647324677;0.008023177281842209
0.020880161804490704;-0.003028216524181282
0.030361768521709465;0.03400379691737232
0.0029292869544814693;0.003379386426850317
-0.0011382032502949002;-0.019917348641816268
-0.005628268295138739;-0.0076573923315610415
0.012195249118359897;0.020804509131764348
0.005078030000674971;-0.007662847263151029
-0.021125370500555185;-0.0195259549119271
0.011917559823042545;-0.002882743053678638
-0.00675759516910901;-0.01296623186888457
-0.005159964653933535;0.0023369297517836785
0.04887622454806895;0.004947750391519179
-0.000547548610869697;0.0004354908617134612
0.006939427818521082;-0.004326108314190336
-0.015977806993543453;0.006970631235168057
0.012319182706548304;-0.013146770081224446
0.0280669168167762;-0.021116633187561185
-0.007000402362731251;0.0038116228829396803
0.007682480022550564;-0.002651647583055805
0.03514111838799128;0.035271864344909254
-0.013404381658372877;-0.0007945437999277161
-0.00856333317983271;-0.017898969478273408
-0.007732309047263186;0.004733724590213484
-0.025030035461397482;-0.01556940202574264
0.01228809926175689;0.007519802676200449
-0.034241209284607166;-0.028676082149657667
0.0335538974059455;0.020412297108550526
0.008594196614311933;-0.004363091389381957
-0.02352331112188022;-0.04092793305180198
-0.0013963966474470624;-0.022641882652861156
0.016096341276739423;0.002188066261677335
-0.015242762706591861;-0.024132445299875016
-0.013825646042739947;0.023019129959049422
0.0054125016179051855;0.03801732214573583
0.03232776822339378;0.024141339177988996
0.03600242779144036;0.019950635140563833
0.015945854980479623;0.005955787549788205
0.027307666054168678;0.012705858444007845
0.0016778237483840996;0.014427197512720369
-0.00771339273083349;-0.03576762331675809
-0.035611830828459645;-0.026586867603333175
-0.0381388242350873;-0.02549204058903687
0.016385170902157853;0.014144922846420549
0.006316865654009796;0.019165480469984786
-0.007808970302551899;-0.0016112745565939335
0.025431672728877253;-0.0006002313526494163
-0.0031027578844096126;0.0060233852033837465
0.0010961247757803605;-0.005685732202234561
-0.006595407319273328;0.01070855387752001
-0.004568829959541887;0.008941103226121072
-0.0019221943589542434;-0.005458577497491568
0.0017744208050674004;0.0004066828748907625
-0.016234940867909664;0.012746517511684097
-0.017801627256812225;-0.0014610584117962233
-0.008673904679037392;-0.015397359247656617
0.0012326324543909806;-0.029496504779712218
-0.03025192023953771;-0.004713687946431122
-0.0011117348074352051;0.02101979392851394
-0.004060388402519877;-0.005847151890895574
-0.035401976630845766;-0.03707551852652191
0.002229219058137666;0.011438483090675078
0.05245127617221268;0.027904547469462138
-0.021115028188945395;-0.022562097784320834
-0.024760639097798354;-0.013957950261631602
-0.015938256504901105;0.008693207097006272
0.01068111940672356;0.025445824007796602
-0.04256673141493472;-0.03453065902050945
0.03984525444934661;0.04003986689216621
-0.009208907941163247;-0.003165977177170376
0.016367939478716842;0.03333769884395821
-0.007654665279184236;-0.020211689723997672
0.024162456407340827;0.01973689877355511
0.012662488212316525;0.01999957729517643
-0.00647151088963227;0.016794624767814348
-0.03449321125796878;-0.019160654440612213
-0.004490257424216715;0.04041128215957279
0.02794171630640463;0.011753834380296091
-0.0069125605510427235;-0.009962947997467886
-0.02019612291100792;-0.029647543730097148
0.004154850313979885;-0.012124040908918943
0.005128253431366581;0.015238115049545975
0.001483959559618775;0.027187016564034217
-0.012350457849646723;-0.009744064134108221
0.018591795254476295;0.022420381195122907
0.00693449236732846;0.013924953559854458
0.02330368467210686;0.03374416930078539
0.002459201921620746;-0.008615537917934013
0.013301554807489957;0.022056231174128804
0.0190510614024495;-0.00022362628339500645
0.020049283165009868;-0.0017906175280026915
-0.013321426030756811;-0.0029486653100381233
0.02401597697499991;-0.0057299327118327525
-0.018014528741304048;-0.02265924184770185
0.01853508461003628;0.016376626578710862
-0.002531103326715467;-0.005342079962993296
0.005055816340520103;-0.012951768940281383
-0.012912920874650347;0.0013556307284154911
0.0029254627539021527;-0.003906489392638157
-0.01175413516782342;-0.016555880040512783
0.01787766233425181;0.015427448674681266
0.00297357005254284;0.0063227567827377484
-0.0024525879610139967;0.0017474123416771903
-0.006045385379758628;0.01156119678473111
-0.00074898966247261;0.0704332848110445
-0.01524888985058137;-0.013535467553440483
0.008181708780532482;-0.007720138716089231
-0.036026775414740975;-0.013168353937508037
0.0019536332022411784;-0.010546677926897452
0.012721221799437465;0.015747365512027933
0.0053131764089418;-0.0029416465503278033
-0.02614323223257564;-0.04195475104011681
-0.007437915413192719;0.0018285639661383968
-0.025254711620829262;-0.013069113165116164
0.017761058792880924;0.00891739175697115
0.01965034623429318;0.03438842539024023
-0.009301689027318538;-0.0015204658962399975
-0.011309396624411328;-0.01758863464421978
-0.0012823211072996443;0.011643159206780496
0.02079438860706251;0.01588134979211464
-0.014877213932319222;-0.007497906650041131
0.013226328372154761;0.026216255616047235
-0.0015748012452743154;0.009687098213506218
-0.0003940730357463451;-0.0003966889376645355
-0.0124540694421027;0.015414960706550573
-0.005362367739020435;-0.012154678715242007
-0.0026517685766895838;0.0012160457730434615
0.006256510349215816;6.0731037597960835e-05
-0.01222860224396527;-0.009493455936163464
0.018843507997357456;0.013132617517343625
7.944027613415727e-05;0.018683105438496383
0.0066497692285905075;-0.008653394451435759
0.003072427759663654;-0.010332484536426989
-0.008055589347625514;0.006669583002773649
0.009784621450580566;-0.003615931400958061
0.02428072044322782;0.016496577139780477
-0.006458606638578779;-5.93568535567357e-05
0.0039262861558198026;-0.01698081783065053
0.012522133041986905;0.016267897885729354
-0.010143004583970772;-0.020566063933595835
0.0140053613056903;0.007946275921836943
0.012618400500511662;0.020080488105799432
-0.0020919451191279137;0.004590801652707199
-0.00217146517649347;0.0075756724229671946
-0.0022511497807586878;-0.005288150781819212
0.012467836480055894;0.040952105708437436
0.01143459641397726;-0.010600356054201399
0.004610625893778142;-0.01194989393663981
0.002260854028778958;0.01902926851172193
0.01940692413429268;0.0008743532318957747
0.01461114425802279;-0.005427766471569839
0.01779596773357106;-0.0065124821887039275
-0.009242311400199377;-0.013905462801194979
0.012970567429653634;0.013705788644720052
-0.00421267564838157;0.0077887490250159175
0.007858362979251687;-0.0030344080687365604
0.023814636807567346;-0.012748104522144033
-0.004502186887268778;-0.009160761211165713
-0.014175974136605873;-0.009626362415687595
-0.02728325250939001;-0.01241699856495071
0.02564247413085141;0.013881513617244323
-0.005145037509431738;0.013287224594233926
0.009582590658854251;0.014224068671562229
0.01191780541130516;0.05160790554747319
0.002890343100818704;0.0071943265107501375
-0.015012500117704164;-0.01256313270907139
-0.012271014302370986;0.014762311150475327
0.004542115353374676;-0.040902342663427405
0.0015093954181262248;-0.005653423988237982
-0.0023335676789262294;-0.012283883613114277
0.012564894762534529;-0.0020194320496207396
-0.0027861315560588906;0.02162983715284028
0.0007483066632412161;0.011220629743240451
-0.004778560740938076;0.0014866441917522621
-0.00034219366340693114;-0.005240591282396068
-0.003359646276194006;-0.0013282246611501236
0.0017840664175858834;-0.003245127405583581
0.020560552797443954;0.0074452745518858165
0.001409494386175325;0.001460393985638575
0.013456920269885764;0.009263653080127554
-0.006172997166996375;-0.022372997690940366
-0.025831913317415633;-0.008404587635964411
0.002320369338293382;-0.0009288799419362448
0.010105618009368378;0.011896738048177369
0.010204900898554747;0.011014089036337715
-0.0006014814226222853;0.0059270914539464314
-0.008456992129381113;0.007848534053390921
-0.005542406319525739;-0.010944906830009593
0.007158917871513459;0.02238869078999084
0.029963690545858235;0.02132061455219869
-0.008460430305483158;-0.0033682437109758823
0.004468640167923255;0.007013103973095625
0.007447105231614515;-0.01787904737475543
0.004221538405659864;0.00260800897002067
0.01537059347682046;0.015611262911463974
-0.010134790403607319;-0.012135681288048872
-0.006727486776153313;0.001138194258729186
-0.03366215019758556;0.0018237392602706848
0.003885894307599891;-0.00577330163043932
-0.009608141730992337;5.3088849064408805e-05
0.0061248879548365665;-0.006955815397222231
-0.0016117411613594257;-0.002302648629117776
-0.01851836436593235;-0.02260931881999806
-0.021592499179754476;-0.0250422259794032
0.0034220598786154355;0.004991733973155554
0.01673169211756953;-0.040736967424508386
0.006696791570631966;0.007980656917760065
0.0006126989297774443;0.020031575116666644
-0.010606029562202579;0.0017550182455501329
-0.024089152399207947;-0.037254190798952536
0.006462138138843443;-0.003057682024337538
-0.009355409988795138;-0.0006479255105160675
0.008094299633598645;0.010609697962724596
-0.024913443721703565;-0.05015694197782761
0.014059132650805495;0.020419649229357795
0.006287325337189564;0.002040274296515321
0.009043465968213482;-0.01333638727152664
-0.0027254860767920164;0.0025178971425754426
-0.0006299405519420986;-0.014035243622822158
-0.009144728086872611;-0.005175524291604283
-0.00424896525468732;0.0023754682057708365
0.020023810430815914;0.012219332799402238
0.007484470867444415;-0.011541676175597537
0.011736956925775921;0.03205845352454695
0.01496755199997768;0.01377124510062
0.003355560042979988;0.002320927515312654
0.001472760041651533;0.0032227083750502317
-0.005298901704445136;-0.051835395953107266
-0.0003363241061267175;0.012490648130119908
0.004564426486894924;-0.039974305556344625
-0.0031525631401123633;-0.011432687762452431
0.02468435462307106;0.014941347028242902
-0.01832241917966293;0.02076607801017527
-0.005623256020380829;0.019616583380527075
0.007090812780799816;-0.005774639701647821
0.009751045334707165;0.010732280193535892
-0.0035047693879599606;0.012674929537104695
0.0035758814243980197;0.015599000732170687
-0.005568066450464038;-0.007385130338037449
0.0024564003533962264;-0.009644134889479794
-0.01934917548378312;-0.02331889603452364
-0.0003380983357725853;0.0003050919648694972
0.014235185466388245;0.039339306247971884
6.663226545278178e-05;0.019377417377405948
0.006644542718668767;-0.013323507572081894
0.01635561729880841;-0.006406066702783875
0.02813642450057774;-0.006122488728563802
0.01683356092935817;0.01932832710082799
0.0029231678618941714;-0.0125017380399024
0.0024191270678688426;-0.01108733591622002
0.003278176860528781;0.011233912638613397
-0.03219104551022056;-0.023555636957692805
0.021637859814676474;0.014631874560751434
0.03108929765049684;-0.04097240968310967
-0.0032114352897263387;-0.04365630528111453
-0.006148680190144695;-0.000676311876406821
-0.011793737577514563;-0.011503191332725926
0.021274863715285974;0.035316051647956925
0.034832557719998825;0.015421428483161748
0.02252743111427069;0.023724271258307894
